Carrefour Feux tricolores,Mouvement directionnel autorisé,ville,code_postal,Street1_name,Street2_name,Street1_coordinates,Street2_coordinates
"Intersection de l'avenue des
Îles avec le boulevard du Fier","Mouvement de tourne à droite pour les cycles circulant avenue des Îles  vers
le boulevard du Fier",Annecy,74000,avenue des Îles,boulevard du Fier,"(45.915827, 6.1123464)","(45.9161667, 6.1160288)"
"Intersection de la rue du
Cimetière des Îles avec le
boulevard du Fier","Mouvement de tourne à droite pour les cycles circulant boulevard du Fier
vers la rue du Cimetière des Îles",Annecy,74000,rue du Cimetière,boulevard du Fier,"(45.8606819, 6.3286235)","(45.9161667, 6.1160288)"
"Intersection de la rue du
Cimetière des Îles avec le
boulevard du Fier","Mouvement de tourne à droite pour les cycles circulant rue du Cimetière des
Îles vers le boulevard du Fier",Annecy,74000,rue du Cimetière,boulevard du Fier,"(45.8606819, 6.3286235)","(45.9161667, 6.1160288)"
"Intersection de la rue
Maréchal Leclerc avec du
boulevard du Fier","Mouvement de tourne à droite pour les cycles circulant rue du Maréchal
Leclerc vers le boulevard du Fier",Annecy,74000,rue Maréchal Leclerc,boulevard du Fier,"(45.9131915, 6.1215172)","(45.9161667, 6.1160288)"
"Intersection de la rue
Maréchal Leclerc avec du
boulevard du Fier","Mouvement de tourne à droite pour les cycles circulant boulevard du Fier
vers la rue du Maréchal Leclerc",Annecy,74000,rue Maréchal Leclerc,boulevard du Fier,"(45.9131915, 6.1215172)","(45.9161667, 6.1160288)"
"Intersection de la rue Marius
Vallin avec le boulevard du
Fier","Mouvement de tourne à droite pour les cycles  circulant boulevard du Fier
vers la rue Marius Vallin",Annecy,74000,rue Marius Vallin,boulevard du Fier,"(45.919896, 6.1234396)","(45.9161667, 6.1160288)"
"Intersection de la rue Marius
Vallin avec le boulevard du
Fier","Mouvement direct à l'intersection du boulevard du Fier avec la rue Marius
Vallin pour les cyclistes circulant boulevard du Fier dans le sens Nord/Sud",Annecy,74000,rue Marius Vallin,boulevard du Fier,"(45.919896, 6.1234396)","(45.9161667, 6.1160288)"
"Intersection de la rue Marius
Vallin avec le boulevard du
Fier","Mouvement de tourne à droite pour les cycles circulant rue Marius Vallin
vers le boulevard du Fier",Annecy,74000,rue Marius Vallin,boulevard du Fier,"(45.919896, 6.1234396)","(45.9161667, 6.1160288)"
"Intersection de la rue Marius
Vallin avec le boulevard du
Fier","Mouvement de tourne à droite pour les cycles circulant rue Lucie Aubrac
vers l'avenue de Genève dans le sens Ouest/Sud",Annecy,74000,rue Marius Vallin,boulevard du Fier,"(45.919896, 6.1234396)","(45.9161667, 6.1160288)"
"Intersection de l'avenue de
Genève avec la rue Lucie
Aubrac et le boulevard
Bellevue","Mouvement de tourne à droite pour les cycles circulant avenue de Genève
vers la rue Lucie Aubrac",Annecy,74000,avenue de Genève,rue Lucie Aubrac,"(45.9097803, 6.1237993)","(45.9194913, 6.1219496)"
"Intersection de l'avenue de
Genève avec la rue Lucie
Aubrac et le boulevard
Bellevue","Mouvement de tourne à droite pour les cycles circulant boulevard Bellevue
vers l'avenue de Genève dans le sens Est/Nord",Annecy,74000,avenue de Genève,rue Lucie Aubrac,"(45.9097803, 6.1237993)","(45.9194913, 6.1219496)"
"Intersection de l'avenue de
Genève avec la rue Lucie
Aubrac et le boulevard
Bellevue","Mouvement de tourne à droite pour les cycles circulant avenue de Genève
vers le boulevard Bellevue",Annecy,74000,avenue de Genève,rue Lucie Aubrac,"(45.9097803, 6.1237993)","(45.9194913, 6.1219496)"
"Intersection de l'avenue de
Genève avec le chemin des
Carrières","Mouvement direct à l'intersection entre l'avenue de Genève et le chemin
des Carrières pour les cyclistes circulant avenue de Genève dans le sens
Sud/Nord",Annecy,74000,avenue de Genève,No match found,"(45.9097803, 6.1237993)",
"Intersection de l'avenue de
Brogny avec la rue Jacqueline
Auriol","Mouvement direct à l'intersection de l'avenue de Brogny et de la rue
Jacqueline Auriol pour les cycles circulant dans les deux sens",Annecy,74000,avenue de Brogny,rue Jacqueline Auriol,"(45.90204355, 6.12179444611825)","(45.9229999, 6.1310383)"
"Intersection de l'avenue de
Brogny avec la rue Jacqueline
Auriol","Mouvement direct rue Jacqueline Auriol au droit de la bretelle d'accès à la
RD 1201 pour les cycles circulant rue Jacqueline Auriol dans les deux sens",Annecy,74000,avenue de Brogny,rue Jacqueline Auriol,"(45.90204355, 6.12179444611825)","(45.9229999, 6.1310383)"
"Intersection de l'avenue de
Brogny avec la rue Jacqueline
Auriol","Mouvement  de tourne à gauche et de tourne à droite pour les cycles
circulant avenue de Brogny vers la rue Jacqueline Auriol en direction de l'Est
ou de l'Ouest",Annecy,74000,avenue de Brogny,rue Jacqueline Auriol,"(45.90204355, 6.12179444611825)","(45.9229999, 6.1310383)"
"Intersection de l'avenue de
Brogny avec la rue Jacqueline
Auriol","Mouvement de tourne à gauche pour les cycles circulant rue Jacqueline
Auriol vers l'avenue de Brogny en direction du Sud",Annecy,74000,avenue de Brogny,rue Jacqueline Auriol,"(45.90204355, 6.12179444611825)","(45.9229999, 6.1310383)"
"Intersection de l'avenue de
Brogny avec la rue Jacqueline
Auriol","Mouvement direct au nord de l'avenue de Brogny pour les cycles circulant
dans le sens Nord/Sud",Annecy,74000,avenue de Brogny,rue Jacqueline Auriol,"(45.90204355, 6.12179444611825)","(45.9229999, 6.1310383)"
"Intersection de la rue de
Frontenex avec la rue Marc
Leroux","Mouvement direct à l'intersection de la rue Marc Leroux avec la rue de
Frontenex pour les cyclistes circulant rue Marc Leroux dans le sens Ouest/Est",Annecy,74000,rue de Frontenex,rue Marc Leroux,"(45.915427, 6.126038)","(45.9153183, 6.1262858)"
"Intersection de la rue de
Frontenex avec la rue Marc
Leroux","Mouvement de tourne à droite pour les cycles circulant rue de Frontenex
vers la rue Marc Leroux",Annecy,74000,rue de Frontenex,rue Marc Leroux,"(45.915427, 6.126038)","(45.9153183, 6.1262858)"
"Intersection de la rue Marc
Leroux avec l'avenue de
Brogny","Mouvement direct à l'intersection de l'avenue de Brogny avec la rue Marc
Leroux pour les cyclistes circulant avenue de Brogny dans le sens Nord/Sud",Annecy,74000,rue Marc Leroux,avenue de Brogny,"(45.9153183, 6.1262858)","(45.90204355, 6.12179444611825)"
"Intersection de la rue Marc
Leroux avec l'avenue de
Brogny","Mouvement de tourne à droite pour les cycles circulant avenue de Brogny
vers la rue Marc Leroux",Annecy,74000,rue Marc Leroux,avenue de Brogny,"(45.9153183, 6.1262858)","(45.90204355, 6.12179444611825)"
"Intersection de l'avenue de
Novel avec l'avenue de France","Mouvement de tourne à droite pour les cycles circulant avenue de France
vers l'avenue de Novel, dans les deux sens",Annecy,74000,avenue de Novel,avenue de France,"(45.913921, 6.1283601)","(45.9187161, 6.1322021)"
"Intersection de l'avenue de
Novel avec l'avenue de France","Mouvement de tourne à droite pour les cycles circulant avenue de Novel
vers l'avenue de France, dans les deux sens",Annecy,74000,avenue de Novel,avenue de France,"(45.913921, 6.1283601)","(45.9187161, 6.1322021)"
"Intersection du boulevard de
la Rocade avec l'avenue des
Îles","Mouvement de tourne à droite pour les cycles circulant boulevard de la
Rocade vers l'avenue des Îles, dans les deux sens",Annecy,74000,boulevard de la,avenue des Îles,,"(45.915827, 6.1123464)"
"Intersection du boulevard de
la Rocade avec l'avenue des
Îles","Mouvement de tourne à droite pour les cycles circulant avenue des Îles vers
le boulevard de la Rocade, dans les deux sens",Annecy,74000,boulevard de la,avenue des Îles,,"(45.915827, 6.1123464)"
"Intersection du boulevard de
la Rocade avec l'avenue des
Romains","Mouvement de tourne à droite pour les cycles circulant boulevard de la
Rocade vers l'avenue des Romains, dans les deux sens",Annecy,74000,boulevard de la,avenue des Romains,,"(45.9082109, 6.1225437)"
"Intersection du boulevard de
la Rocade avec l'avenue des
Romains","Mouvement de tourne à droite pour les cycles circulant avenue des
Romains vers le boulevard de la Rocade, dans les deux sens",Annecy,74000,boulevard de la,avenue des Romains,,"(45.9082109, 6.1225437)"
"Intersection du boulevard de
la Rocade avec l'avenue du
Parc des Sports","Mouvement de tourne à droite pour les cycles circulant avenue du Parc des
Sports vers le boulevard de la Rocade, dans les deux sens",Annecy,74000,boulevard de la,avenue du Parc,,"(45.9118146, 6.1212815)"
"Intersection du boulevard de
la Rocade avec l'avenue du
Parc des Sports","Mouvement de tourne à droite pour les cycles circulant boulevard de la
Rocade vers l'avenue du Parc des Sports, dans les deux sens",Annecy,74000,boulevard de la,avenue du Parc,,"(45.9118146, 6.1212815)"
"Intersection de la rue Carnot
avec l'avenue de Genève, le
boulevard du Lycée et le
boulevard Decouz","Mouvement de tourne à droite pour les cycles circulant boulevard Decouz
vers la rue Carnot",Annecy,74000,rue Carnot avec,"avenue de Genève,",,"(45.9097803, 6.1237993)"
"Intersection de la rue Carnot
avec l'avenue de Genève, le
boulevard du Lycée et le
boulevard Decouz","Mouvement de tourne à droite pour les cycles circulant rue Carnot vers le
boulevard du Lycée",Annecy,74000,rue Carnot avec,"avenue de Genève,",,"(45.9097803, 6.1237993)"
"Intersection de la rue Carnot
avec l'avenue de Genève, le
boulevard du Lycée et le
boulevard Decouz","Mouvement de tourne à droite pour les cycles circulant boulevard du Lycée
vers l'avenue de Genève",Annecy,74000,rue Carnot avec,"avenue de Genève,",,"(45.9097803, 6.1237993)"
"Intersection de la rue Carnot
avec l'avenue de Genève, le
boulevard du Lycée et le
boulevard Decouz","Mouvement de tourne à droite pour les cycles circulant avenue de Genève
vers le boulevard Decouz",Annecy,74000,rue Carnot avec,"avenue de Genève,",,"(45.9097803, 6.1237993)"
"Intersection de l'avenue de
Loverchy avec la rue de la Cité","Mouvement de tourne à droite pour les cycles circulant avenue des Trois
Fontaines vers la rue de la Cité",Annecy,74000,avenue de Loverchy,rue de la,"(45.8954267, 6.1195871)",
"Intersection de l'avenue de
Loverchy avec la rue de la Cité","Mouvement de tourne à droite pour les cycles circulant rue de la Cité vers
l'avenue de Loverchy",Annecy,74000,avenue de Loverchy,rue de la,"(45.8954267, 6.1195871)",
"Intersection de l'avenue de
Loverchy avec la rue de la Cité","Mouvement direct à l'intersection de l'avenue de Loverchy avec la rue de la
Cité pour les cycles circulant avenue des Trois Fontaines dans le sens
Nord/Sud",Annecy,74000,avenue de Loverchy,rue de la,"(45.8954267, 6.1195871)",
"Intersection de l'avenue de
Loverchy avec le chemin de la
Croix Rouge","Mouvement direct à l'intersection de l'avenue de Loverchy avec la rue de la
Croix Rouge pour les cyclistes circulant avenue de Loverchy dans le sens
Sud/Nord",Annecy,74000,avenue de Loverchy,No match found,"(45.8954267, 6.1195871)",
"Intersection de l'avenue de
Loverchy avec le chemin de la
Croix Rouge","Mouvement de tourne à droite pour les cycles circulant chemin de la Croix
Rouge vers l'avenue de Loverchy",Annecy,74000,avenue de Loverchy,No match found,"(45.8954267, 6.1195871)",
"Intersection de l'avenue de
Loverchy avec le chemin de la
Croix Rouge","Mouvement de tourne à droite pour les cycles circulant avenue de Loverchy
vers le chemin de la Croix Rouge",Annecy,74000,avenue de Loverchy,No match found,"(45.8954267, 6.1195871)",
"Intersection de l'avenue de
Loverchy avec la rue du Travail","Mouvement de tourne à droite pour les cycles circulant avenue de Loverchy
vers la rue du Travail, dans les deux sens",Annecy,74000,avenue de Loverchy,rue du Travail,"(45.8954267, 6.1195871)","(45.8952264, 6.1186699)"
"Intersection de l'avenue de
Loverchy avec l'avenue du
Rhône et l'avenue Lucien
Boschetti","Mouvement de tourne à droite pour les cycles circulant avenue du Rhône
vers l'avenue de Loverchy",Annecy,74000,avenue de Loverchy,avenue du Rhône,"(45.8954267, 6.1195871)","(45.8985608, 6.118556)"
"Intersection de l'avenue de
Loverchy avec l'avenue du
Rhône et l'avenue Lucien
Boschetti","Mouvement de tourne à droite pour les cycles circulant avenue Lucien
Boschetti vers l'avenue de Loverchy",Annecy,74000,avenue de Loverchy,avenue du Rhône,"(45.8954267, 6.1195871)","(45.8985608, 6.118556)"
"Intersection de l'avenue de
Loverchy avec l'avenue du
Rhône et l'avenue Lucien
Boschetti","Mouvement de tourne à droite pour les cycles circulant avenue Loverchy
vers l'avenue Lucien Boschetti",Annecy,74000,avenue de Loverchy,avenue du Rhône,"(45.8954267, 6.1195871)","(45.8985608, 6.118556)"
"Intersection de l'avenue de
Loverchy avec l'avenue du
Rhône et l'avenue Lucien
Boschetti","Mouvement de tourne à droite pour les cycles circulant avenue de Loverchy
vers l'avenue du Rhône",Annecy,74000,avenue de Loverchy,avenue du Rhône,"(45.8954267, 6.1195871)","(45.8985608, 6.118556)"
"Intersection de la rue des
Marquisats avec le chemin de
Tillier","Mouvement de tourne à droite pour les cycles circulant rue des Marquisats
vers le chemin de Tillier",Annecy,74000,rue des Marquisats,No match found,"(45.8980992, 6.1290471)",
"Intersection de la rue des
Marquisats avec le chemin de
Tillier","Mouvement de tourne à droite pour les cycles circulant chemin de Tillier
vers la rue des Marquisats",Annecy,74000,rue des Marquisats,No match found,"(45.8980992, 6.1290471)",
"Intersection de la rue des
Marquisats avec le chemin de
Tillier","Mouvement de tourne à droite pour les cycles circulant rue des Marquisats
vers la piste cyclable",Annecy,74000,rue des Marquisats,No match found,"(45.8980992, 6.1290471)",
"Intersection de la rue des
Marquisats avec le chemin de
Tillier","Mouvement de tourne à droite pour les cycles circulant de la piste cyclable
vers la rue des Marquisats",Annecy,74000,rue des Marquisats,No match found,"(45.8980992, 6.1290471)",
"Intersection du quai Eustache
Chappuis avec la rue du Lac et
la rue Joseph Blanc","Mouvement de tourne à droite pour les cycles circulant quai Eustache
Chappuis vers la rue du Lac",Annecy,74000,rue du Lac,rue Joseph Blanc,"(45.900394, 6.1267607)","(45.8993039, 6.1268592)"
"Intersection du quai Eustache
Chappuis avec la rue du Lac et
la rue Joseph Blanc","Mouvement de tourne à droite pour les cycles circulant rue du Lac vers le
quai Eustache Chappuis",Annecy,74000,rue du Lac,rue Joseph Blanc,"(45.900394, 6.1267607)","(45.8993039, 6.1268592)"
"Intersection du quai Eustache
Chappuis avec la rue du Lac et
la rue Joseph Blanc","Mouvement direct à l'intersection quai Eustache Chappuis avec la rue Joseph
Blanc pour les cyclistes circulant quai Eustache Chappuis dans le sens
Sud/Nord",Annecy,74000,rue du Lac,rue Joseph Blanc,"(45.900394, 6.1267607)","(45.8993039, 6.1268592)"
"Au droit de l'Hôtel de Ville
quai Eustache Chappuis","Mouvement direct au droit de l'Hôtel de Ville pour les cyclistes circulant quai
Eustache Chappuis dans le sens Sud/Nord",Annecy,74000,No match found,No match found,,
"Au droit de l'entrée du
parking de l'Hôtel de Ville quai
Eustache Chappuis","Mouvement direct au droit de l'entrée du parking de l'Hôtel de Ville pour les
cyclistes circulant quai Eustache Chappuis dans le sens Nord/Sud",Annecy,74000,No match found,No match found,,
"Au droit de la sortie du
parking de l'Hôtel de Ville quai
Eustache Chappuis","Mouvement direct au droit de la sortie du parking de l'Hôtel de Ville pour les
cyclistes circulant quai Eustache Chappuis dans le sens Nord/Sud",Annecy,74000,No match found,No match found,,
"Au droit de Bonlieu quai
Eustache Chappuis","Mouvements direct et de tourne à droite vers la promenade Jacquet pour les
cycles circulant quai Eustache Chappuis dans le sens Sud/Nord",Annecy,74000,No match found,No match found,,
"Au droit du quai de Vicenza
quai Eustache Chappuis","Mouvement direct au droit du quai de Vicenza pour les cyclistes circulant
quai Eustache Chappuis dans le sens Nord/Sud",Annecy,74000,No match found,No match found,,
"Au droit du quai de Bayreuth
rue des Marquisats","Mouvement direct au droit du quai de Bayreuth pour les cyclistes circulant
rue des Marquisats dans le sens Sud/Nord",Annecy,74000,rue des Marquisats,No match found,"(45.8980992, 6.1290471)",
"Au droit du quai Napoléon III
quai Eustache Chappuis","Mouvement direct au droit du quai Napoléon III pour les cyclistes circulant
quai Eustache Chappuis dans le sens Sud/Nord",Annecy,74000,No match found,No match found,,
"Intersection du quai Eustache
Chappuis avec la rue Jean
Jaurès et l'avenue d'Albigny","Mouvement direct à l'intersection du quai Eustache Chappuis avec la rue
Jean Jaurès pour les cyclistes circulant quai Eustache Chappuis dans le sens
Ouest/Est",Annecy,74000,rue Jean Jaurès,No match found,"(45.9027321, 6.1281647)",
"Intersection du quai Eustache
Chappuis avec la rue Jean
Jaurès et l'avenue d'Albigny","Mouvement de tourne à droite pour les cycles circulant rue Jean Jaurès vers
le quai Eustache Chappuis",Annecy,74000,rue Jean Jaurès,No match found,"(45.9027321, 6.1281647)",
"Intersection du quai Eustache
Chappuis avec la rue Jean
Jaurès et l'avenue d'Albigny","Mouvement de tourne à droite pour les cycles circulant avenue d'Albigny
vers la rue Jean Jaurès",Annecy,74000,rue Jean Jaurès,No match found,"(45.9027321, 6.1281647)",
"Intersection de la rue Jean
Jaurès avec la rue Sommeiller","Mouvement de tourne à droite pour les cycles circulant rue Jean Jaurès vers
la rue Sommeiller, dans les deux sens",Annecy,74000,rue Jean Jaurès,No match found,"(45.9027321, 6.1281647)",
"Intersection de l'avenue
d'Albigny avec la rue Louis
Revon","Mouvement de tourne à droite pour les cycles circulant avenue d'Albigny
vers la piste cyclable rue Louis Revon",Annecy,74000,avenue d'Albigny avec,rue Louis Revon,,"(45.9033791, 6.1305749)"
"Intersection de l'avenue
d'Albigny avec la rue Louis
Revon","Mouvement direct pour les cycles circulant avenue d'Albigny à l'intersection
avec la rue Louis Revon dans le sens Ouest/Est",Annecy,74000,avenue d'Albigny avec,rue Louis Revon,,"(45.9033791, 6.1305749)"
"Intersection de l'avenue
d'Albigny avec le Boulevard
Saint-Bernard de Menthon","Mouvement de tourne à droite pour les cycles circulant avenue d'Albigny
vers le boulevard Saint-Bernard de Menthon",Annecy,74000,avenue d'Albigny avec,Boulevard Saint-Bernard de,,"(45.9041868, 6.1352136)"
"Intersection de l'avenue
d'Albigny avec le Boulevard
Saint-Bernard de Menthon","Mouvement de tourne à droite pour les cycles circulant boulevard Saint-
Bernard de Menthon vers l'avenue d'Albigny",Annecy,74000,avenue d'Albigny avec,Boulevard Saint-Bernard de,,"(45.9041868, 6.1352136)"
"Intersection de l'avenue
d'Albigny avec le Boulevard
Saint-Bernard de Menthon","Mouvement direct pour les cycles circulant avenue d'Albigny à l'intersection
avec le boulevard Saint-Bernard de Menthon dans le sens Ouest/Est",Annecy,74000,avenue d'Albigny avec,Boulevard Saint-Bernard de,,"(45.9041868, 6.1352136)"
"Intersection du chemin des
Cloches avec l'avenue
Gambetta","Mouvement de tourne à droite pour les cycles circulant avenue Gambetta
vers le chemin des Cloches",Annecy,74000,No match found,No match found,,
"Intersection du chemin des
Cloches avec l'avenue
Gambetta","Mouvement de tourne à droite pour les cycles circulant chemin des Cloches
vers l'avenue Gambetta",Annecy,74000,No match found,No match found,,
"Intersection du chemin des
Cloches avec l'avenue de
France","Mouvement de tourne à droite pour les cycles circulant chemin des cloches
vers l'avenue de France, dans les deux sens",Annecy,74000,avenue de France,No match found,"(45.9187161, 6.1322021)",
"Intersection du chemin des
Cloches avec l'avenue de
France","Mouvement de tourne à droite pour les cycles circulant avenue de France
vers le chemin des Cloches, dans les deux sens",Annecy,74000,avenue de France,No match found,"(45.9187161, 6.1322021)",
"Intersection de l'avenue de
Thônes avec l'avenue de
France","Mouvement de tourne à droite pour les cycles circulant avenue de France
vers l'avenue de Thônes, dans les deux sens",Annecy,74000,avenue de Thônes,avenue de France,"(45.9099049, 6.1366199)","(45.9187161, 6.1322021)"
"Intersection de l'avenue de
Thônes avec l'avenue de
France","Mouvement de tourne à droite pour les cycles circulant avenue de Thônes
vers l'avenue de France, dans les deux sens",Annecy,74000,avenue de Thônes,avenue de France,"(45.9099049, 6.1366199)","(45.9187161, 6.1322021)"
"Intersection de la route de
Vignières avec l'avenue de
France","Mouvement de tourne à droite pour les cycles circulant avenue de France
vers la route de Vignières, dans les deux sens",Annecy,74000,avenue de France,No match found,"(45.9187161, 6.1322021)",
"Intersection de la route de
Vignières avec l'avenue de
France","Mouvement de tourne à droite pour les cycles circulant route de Vignières
vers l'avenue de France, dans les deux sens",Annecy,74000,avenue de France,No match found,"(45.9187161, 6.1322021)",
"Intersection de l'avenue des
Barattes avec l'avenue de
France","Mouvement de tourne à droite pour les cycles circulant avenue de France
vers l'avenue des Barattes, dans les deux sens",Annecy,74000,avenue des Barattes,avenue de France,"(45.907785, 6.1423814)","(45.9187161, 6.1322021)"
"Intersection de l'avenue des
Barattes avec l'avenue de
France","Mouvement de tourne à droite pour les cycles circulant avenue des Barattes
vers l'avenue de France, dans les deux sens",Annecy,74000,avenue des Barattes,avenue de France,"(45.907785, 6.1423814)","(45.9187161, 6.1322021)"
"Intersection de l'avenue
d'Albigny avec l'avenue de
France","Mouvement de tourne à droite pour les cycles circulant avenue d'Albigny
vers l'avenue de France",Annecy,74000,avenue d'Albigny avec,avenue de France,,"(45.9187161, 6.1322021)"
"Intersection de l'avenue du
Petit Port avec l'avenue d'Albigny","Mouvement de tourne à droite pour les cycles circulant sur l'avenue
d'Albigny dans le sens Ouest/Est",Annecy,74000,avenue du Petit,No match found,"(45.9052058, 6.1483496)",
"Intersection de l'avenue du
Petit Port avec l'avenue d'Albigny","Mouvement de tourne à droite pour les cycles circulant avenue du Petit Port
vers l'avenue d'Albigny",Annecy,74000,avenue du Petit,No match found,"(45.9052058, 6.1483496)",
"Intersection de l'avenue du
Petit Port avec l'allée des
Platanes","Mouvement direct pour les cycles circulant avenue du Petit Port dans le sens
Ouest/Est",Annecy,74000,avenue du Petit,No match found,"(45.9052058, 6.1483496)",
"Au droit du Canal du Colovry
avenue du Petit Port","Mouvement direct pour les cycles circulant avenue du Petit Port à l'ouest du
canal du Colovry, dans les deux sens",Annecy,74000,avenue du Petit,No match found,"(45.9052058, 6.1483496)",
"Au droit du Canal du Colovry
avenue du Petit Port","Mouvement direct pour les cycles circulant avenue du Petit Port à l'est du
canal du Colovry, dans les deux sens",Annecy,74000,avenue du Petit,No match found,"(45.9052058, 6.1483496)",
"Intersection de la rue des
Cygnes avec la rue des
Mouettes","Mouvement de tourne à droite pour les cycles circulant rue des Cygnes vers
la rue des Mouettes, dans les deux sens",Annecy,74000,rue des Cygnes,rue des Mouettes,"(45.91016, 6.144853)","(45.911707, 6.1536302)"
"Intersection de la rue des
Cygnes avec la rue des
Mouettes","Mouvement de tourne à droite pour les cycles circulant rue des Mouettes
vers la rue des Cygnes, dans les deux sens",Annecy,74000,rue des Cygnes,rue des Mouettes,"(45.91016, 6.144853)","(45.911707, 6.1536302)"
"Au droit du supermarché
avenue des Carrés","Mouvement de tourne à droite pour les cycles circulant avenue des Carrés
vers le parking du supermarché",Annecy,74000,avenue des Carrés,No match found,"(45.9155541, 6.1476277)",
"Au droit du supermarché
avenue des Carrés","Mouvement de tourne à droite pour les cycles circulant du parking du
supermarché vers l'avenue des Carrés",Annecy,74000,avenue des Carrés,No match found,"(45.9155541, 6.1476277)",
"Au droit du supermarché
avenue des Carrés","Mouvement direct pour les cycles circulant avenue des Carrés dans le sens
Ouest/Est",Annecy,74000,avenue des Carrés,No match found,"(45.9155541, 6.1476277)",
"Intersection de l'avenue des
Carrés avec le clos du Buisson","Mouvement de tourne à droite pour les cycles circulant avenue des Carrés
vers le clos du Buisson",Annecy,74000,avenue des Carrés,No match found,"(45.9155541, 6.1476277)",
"Intersection de l'avenue des
Carrés avec le clos du Buisson","Mouvement de tourne à droite pour les cycles circulant du clos du Buisson
vers l'avenue des Carrés",Annecy,74000,avenue des Carrés,No match found,"(45.9155541, 6.1476277)",
"Intersection de l'avenue des
Carrés avec le clos du Buisson","Mouvement direct pour les cycles circulant avenue des Carrés dans les sens
Est/Ouest et Ouest/Est",Annecy,74000,avenue des Carrés,No match found,"(45.9155541, 6.1476277)",
"Intersection de la avenue du
Capitaine Baud avec la rue de
Pommaries et la rue des Haies
Vives","Mouvement de tourne à droite pour les cycles circulant rue des Pommaries
vers l'avenue du Capitaine Baud",Annecy,74000,avenue du Capitaine,rue de Pommaries,"(45.8952983, 6.0892555)","(45.910896, 6.149136)"
"Intersection de la avenue du
Capitaine Baud avec la rue de
Pommaries et la rue des Haies
Vives","Mouvement de tourne à droite pour les cycles circulant avenue du Capitaine
Baud vers la rue des Haies Vives",Annecy,74000,avenue du Capitaine,rue de Pommaries,"(45.8952983, 6.0892555)","(45.910896, 6.149136)"
"Intersection de la avenue du
Capitaine Baud avec la rue de
Pommaries et la rue des Haies
Vives","Mouvement de tourne à droite pour les cycles circulant rue des Haies Vives
vers l'avenue du Capitaine Baud",Annecy,74000,avenue du Capitaine,rue de Pommaries,"(45.8952983, 6.0892555)","(45.910896, 6.149136)"
"Intersection de la avenue du
Capitaine Baud avec la rue de
Pommaries et la rue des Haies
Vives","Mouvement de tourne à droite pour les cycles circulant avenue du Capitaine
Baud vers la rue des Pommaries",Annecy,74000,avenue du Capitaine,rue de Pommaries,"(45.8952983, 6.0892555)","(45.910896, 6.149136)"
"Au droit de l'école maternelle
rue de Lachat","Mouvement de tourne à droite pour les cycles circulant rue de Lachat dans
le sens Sud/Est",Annecy,74000,rue de Lachat,No match found,"(45.9254954, 6.1489622)",
"Au droit de l'école maternelle
rue de Lachat","Mouvement de tourne à droite pour les cycles circulant rue de Lachat dans
le sens Est/Nord",Annecy,74000,rue de Lachat,No match found,"(45.9254954, 6.1489622)",
"Au droit de l'école maternelle
rue de Lachat","Mouvement direct pour les cycles circulant rue de Lachat dans le sens
Nord/Sud",Annecy,74000,rue de Lachat,No match found,"(45.9254954, 6.1489622)",
"Au droit de l'école maternelle
rue de Lachat","Mouvement direct pour les cycles circulant rue de Lachat dans le sens
Sud/Nord",Annecy,74000,rue de Lachat,No match found,"(45.9254954, 6.1489622)",
"Au droit du centre commercial
rue de Lachat","Mouvement de tourne à droite pour les cycles circulant rue de Lachat dans
le sens Nord/Ouest",Annecy,74000,rue de Lachat,No match found,"(45.9254954, 6.1489622)",
"Au droit du centre commercial
rue de Lachat","Mouvement de tourne à droite pour les cycles circulant rue de Lachat dans
le sens Ouest/Sud",Annecy,74000,rue de Lachat,No match found,"(45.9254954, 6.1489622)",
"Au droit du centre commercial
rue de Lachat","Mouvement direct pour les cycles circulant rue de Lachat dans le sens
Sud/Nord",Annecy,74000,rue de Lachat,No match found,"(45.9254954, 6.1489622)",
"Au droit du centre commercial
rue de Lachat","Mouvement direct pour les cycles circulant rue de Lachat dans le sens
Nord/Sud",Annecy,74000,rue de Lachat,No match found,"(45.9254954, 6.1489622)",
"Intersection de l'avenue
Georges Pompidou avec la rue
Jean Baud et la route des
Argos","Mouvement de tourne à droite pour les cycles circulant route des Argos vers
la rue Jean Baud",Annecy,74000,avenue Georges Pompidou,rue Jean Baud,"(45.9279398, 6.139474)","(45.9238493, 6.1376218)"
"Intersection de l'avenue
Georges Pompidou avec la rue
Jean Baud et la route des
Argos","Mouvement de tourne à droite pour les cycles circulant la rue Jean Baud vers
l'avenue Georges Pompidou",Annecy,74000,avenue Georges Pompidou,rue Jean Baud,"(45.9279398, 6.139474)","(45.9238493, 6.1376218)"
"Intersection de l'avenue
Georges Pompidou avec la rue
Jean Baud et la route des
Argos","Mouvement direct pour les cycles circulant avenue Georges Pompidou vers
la route des Argos",Annecy,74000,avenue Georges Pompidou,rue Jean Baud,"(45.9279398, 6.139474)","(45.9238493, 6.1376218)"
"Intersection de l'avenue
Georges Pompidou avec la rue
Jean Baud et la route des
Argos","Mouvement de tourne à droite pour les cycles circulant rue Jean Baud vers
l'avenue Georges Pompidou",Annecy,74000,avenue Georges Pompidou,rue Jean Baud,"(45.9279398, 6.139474)","(45.9238493, 6.1376218)"
"Intersection de l'avenue
Georges Pompidou avec la rue
Jean Baud et la route des
Argos",Mouvement de tourne à gauche pour les cycles circulant rue Jean Baud vers la route des Argos,Annecy,74000,avenue Georges Pompidou,rue Jean Baud,"(45.9279398, 6.139474)","(45.9238493, 6.1376218)"
"Intersection de l'avenue du
Général de Gaulle avec la rue
de la Cour et la route de
Provins","Mouvement de tourne à droite pour les cycles circulant route de Provins vers
l'avenue du Général de Gaulle",Annecy,74000,avenue du Général,rue de la,,
"Intersection de l'avenue du
Général de Gaulle avec la rue
de la Cour et la route de
Provins","Mouvement de tourne à droite pour les cycles circulant avenue du Général
de Gaulle vers la rue de la Cour",Annecy,74000,avenue du Général,rue de la,,
"Intersection de l'avenue du
Général de Gaulle avec la rue
de la Cour et la route de
Provins","Mouvement de tourne à droite pour les cycles circulant avenue du Général
de Gaulle vers la route de Provins",Annecy,74000,avenue du Général,rue de la,,
"Intersection de l'avenue du
Général de Gaulle avec la rue
de la Cour et la route de
Provins","Mouvement de tourne à droite pour les cycles circulant rue de la Cour vers
l'avenue du Général de Gaulle",Annecy,74000,avenue du Général,rue de la,,
"Intersection de l'avenue des
Îles avec l'avenue Germain
Pérréard et le boulevard du
Fier","Mouvement de tourne à droite pour les cycles circulant avenue Germain
Perréard vers l'avenue des Îles",Annecy,74000,avenue des Îles,avenue Germain Pérréard,"(45.915827, 6.1123464)","(45.9117057, 6.1135399)"
"Intersection de l'avenue des
Îles avec l'avenue Germain
Pérréard et le boulevard du
Fier","Mouvement de tourne à droite pour les cycles circulant avenue des Îles vers
l'avenue Germain Perréard",Annecy,74000,avenue des Îles,avenue Germain Pérréard,"(45.915827, 6.1123464)","(45.9117057, 6.1135399)"
"Intersection de l'avenue des
Îles avec l'avenue Germain
Pérréard et le boulevard du
Fier","Mouvement de tourne à droite pour les cycles circulant boulevard du Fier
vers l'avenue des Îles",Annecy,74000,avenue des Îles,avenue Germain Pérréard,"(45.915827, 6.1123464)","(45.9117057, 6.1135399)"
"Intersection de l'avenue de la
République avec la rue des
Forges","Mouvement de tourne à droite pour les cycles circulant avenue de la
République vers la rue des Forges",Annecy,74000,avenue de la,rue des Forges,"(50.859907, 4.4548547)","(45.907811, 6.0978895)"
"Intersection de l'avenue de la
République avec la rue des
Forges","Mouvement de tourne à droite pour les cycles circulant rue des Forges vers
l'avenue de la République",Annecy,74000,avenue de la,rue des Forges,"(50.859907, 4.4548547)","(45.907811, 6.0978895)"
"Intersection de l'avenue de la
République avec la rue des
Forges","Mouvement direct pour les cycles circulant avenue de la République dans le
sens Est/Ouest",Annecy,74000,avenue de la,rue des Forges,"(50.859907, 4.4548547)","(45.907811, 6.0978895)"
"Au droit du n° 45 avenue de la
République","Mouvement direct pour les cycles circulant avenue de la République à
l'intersection avec la sortie de l'aire de stationnement des Forges, dans les
deux sens",Annecy,74000,avenue de la,No match found,"(50.859907, 4.4548547)",
"Au droit du 58bis avenue de la
République","Mouvement direct pour les cycles circulant avenue de la République à
l'intersection avec la sortie du parking des Passerelles dans le sens Est/Ouest",Annecy,74000,avenue de la,No match found,"(50.859907, 4.4548547)",
"Intersection de l'avenue de la
République avec le chemin
des Grèves et la rue des
Passerelles","Mouvement de tourne à droite pour les cycles circulant avenue de la
République vers le chemin des Grèves",Annecy,74000,avenue de la,rue des Passerelles,"(50.859907, 4.4548547)","(45.9080418, 6.104012)"
"Intersection de l'avenue de la
République avec le chemin
des Grèves et la rue des
Passerelles","Mouvement de tourne à droite pour les cycles circulant avenue de la
République vers la rue des Passerelles",Annecy,74000,avenue de la,rue des Passerelles,"(50.859907, 4.4548547)","(45.9080418, 6.104012)"
"Intersection de l'avenue de la
République avec le chemin
des Grèves et la rue des
Passerelles","Mouvement direct à l'intersection de l'avenue de la République avec la rue
des Passerelles",Annecy,74000,avenue de la,rue des Passerelles,"(50.859907, 4.4548547)","(45.9080418, 6.104012)"
"Intersection de l'avenue de la
République avec le chemin
des Grèves et la rue des
Passerelles","Mouvement de tourne à droite pour les cycles circulant chemin des Grèves
vers l'avenue de la République",Annecy,74000,avenue de la,rue des Passerelles,"(50.859907, 4.4548547)","(45.9080418, 6.104012)"
"Intersection de l'avenue de la
République avec le chemin
des Grèves et la rue des
Passerelles","Mouvement de tourne à droite pour les cycles circulant rue des Passerelles
vers l'avenue de la République",Annecy,74000,avenue de la,rue des Passerelles,"(50.859907, 4.4548547)","(45.9080418, 6.104012)"
"Intersection de l'avenue de la
République avec la rue des
Droits de l'Homme et l'avenue
Pierre Mendès France","Mouvement de tourne à droite pour les cycles circulant avenue de la
République vers la rue des Droits de l'Homme",Annecy,74000,avenue de la,rue des Droits,"(50.859907, 4.4548547)",
"Intersection de l'avenue de la
République avec la rue des
Droits de l'Homme et l'avenue
Pierre Mendès France","Mouvement de tourne à droite pour les cycles circulant rue des Droits de
l'Homme vers l'avenue de la République",Annecy,74000,avenue de la,rue des Droits,"(50.859907, 4.4548547)",
"Intersection de l'avenue de la
République avec la rue des
Droits de l'Homme et l'avenue
Pierre Mendès France","Mouvement de tourne à droite pour les cycles circulant avenue de la
République vers l'avenue Pierre Mendès France",Annecy,74000,avenue de la,rue des Droits,"(50.859907, 4.4548547)",
"Intersection de l'avenue de la
République avec la rue des
Droits de l'Homme et l'avenue
Pierre Mendès France","Mouvement de tourne à droite pour les cycles circulant avenue Pierre
Mendès France vers l'avenue de la République",Annecy,74000,avenue de la,rue des Droits,"(50.859907, 4.4548547)",
"Intersection de l'avenue des
Îles et de la rue de la Crête","Mouvement de tourne à droite pour les cycles circulant rue de la Crête vers
l'avenue des Îles, dans les 2 sens",Annecy,74000,avenue des Îles,rue de la,"(45.915827, 6.1123464)",
"Intersection de l'avenue des
Îles et de la rue de la Crête","Mouvement de tourne à droite pour les cycles circulant avenue des Îles vers
la rue de la Crête, dans les 2 sens",Annecy,74000,avenue des Îles,rue de la,"(45.915827, 6.1123464)",
"Intersection de la Grande rue
d'Aléry avec l'avenue du Pont
Neuf et la rue de l'Isernon","Mouvement de tourne à droite pour les cycles circulant Grande rue d'Aléry
vers l'avenue du Pont Neuf",Annecy,74000,rue d'Aléry avec,avenue du Pont,,"(45.9138736, 6.1007957)"
"Intersection de la Grande rue
d'Aléry avec l'avenue du Pont
Neuf et la rue de l'Isernon","Mouvement de tourne à droite pour les cycles circulant avenue du Pont Neuf
vers la rue de l'Isernon",Annecy,74000,rue d'Aléry avec,avenue du Pont,,"(45.9138736, 6.1007957)"
"Intersection de la Grande rue
d'Aléry avec l'avenue du Pont
Neuf et la rue de l'Isernon","Mouvement de tourne à droite pour les cycles circulant rue de l'Isernon vers
l'avenue du Pont Neuf",Annecy,74000,rue d'Aléry avec,avenue du Pont,,"(45.9138736, 6.1007957)"
"Intersection de la Grande rue
d'Aléry avec l'avenue du Pont
Neuf et la rue de l'Isernon","Mouvement de tourne à droite pour les cycles circulant avenue du Pont Neuf
vers la Grande rue d'Aléry",Annecy,74000,rue d'Aléry avec,avenue du Pont,,"(45.9138736, 6.1007957)"
"Intersection de la Grande rue
d'Aléry avec l'avenue du Pont
Neuf et la rue de l'Isernon","Mouvement de tourne à gauche pour les cycles circulant avenue du Pont
Neuf vers la rue de l'Isernon",Annecy,74000,rue d'Aléry avec,avenue du Pont,,"(45.9138736, 6.1007957)"
"Au droit du n° 15 Grande Rue
d'Aléry","Mouvement direct pour les cycles circulant Grande rue d'Aléry, dans les deux
sens",Annecy,74000,No match found,No match found,,
"Intersection de la rue de la
Fruitière avec l'avenue du
Stade","Mouvement de tourne à droite pour les cycles circulant rue de la Fruitière
vers l'avenue du Stade, dans les deux sens",Annecy,74000,rue de la,avenue du Stade,,"(45.9168097, 6.0924212)"
"Intersection de la rue de la
Fruitière avec l'avenue du
Stade","Mouvement de tourne à droite pour les cycles circulant avenue du Stade
vers la rue de la Fruitière, dans les deux sens",Annecy,74000,rue de la,avenue du Stade,,"(45.9168097, 6.0924212)"
"Intersection de la route de
Frangy avec la route de
Rumilly","Mouvement direct pour les cycles circulant route de Frangy dans les deux
sens",Annecy,74000,No match found,No match found,,
"Intersection de la route de
Frangy avec la rue de
l'Aérodrome et la rue François
Vernex","Mouvement de tourne à droite pour les cycles circulant rue François Vernex
vers la route de Frangy",Annecy,74000,rue de l'Aérodrome,rue François Vernex,,"(45.9133373, 6.0903698)"
"Intersection de la route de
Frangy avec la rue de
l'Aérodrome et la rue François
Vernex","Mouvement de tourne à droite pour les cycles circulant route de Frangy vers
la rue de l'Aérodrome",Annecy,74000,rue de l'Aérodrome,rue François Vernex,,"(45.9133373, 6.0903698)"
"Intersection de la route de
Frangy avec la rue de
l'Aérodrome et la rue François
Vernex","Mouvement de tourne à droite pour les cycles circulant rue de l'Aérodrome
vers la route de Frangy",Annecy,74000,rue de l'Aérodrome,rue François Vernex,,"(45.9133373, 6.0903698)"
"Intersection de la route de
Frangy avec la rue de
l'Aérodrome et la rue François
Vernex","Mouvement de tourne à droite pour les cycles circulant route de Frangy vers
la rue François Vernex",Annecy,74000,rue de l'Aérodrome,rue François Vernex,,"(45.9133373, 6.0903698)"
"Intersection de la route de
Frangy avec la rue de l'Egalité","Mouvement de tourne à droite pour les cycles circulant rue de l'Egalité vers
la route de Frangy",Annecy,74000,rue de l'Egalité,No match found,,
"Intersection de la route de
Frangy avec la rue de l'Egalité","Mouvement de tourne à droite pour les cycles circulant route de Frangy vers
la rue de l'Egalité",Annecy,74000,rue de l'Egalité,No match found,,
"Intersection de la route de
Frangy avec la rue de l'Egalité","Mouvement direct pour les cycles circulant route de Frangy dans les sens
Nord/Sud et Sud/Nord",Annecy,74000,rue de l'Egalité,No match found,,
"Intersection de la route de
Frangy avec la rue Antoine
Berthod","Mouvement de tourne à droite pour les cycles circulant rue Antoine Berthod
vers la route de Frangy",Annecy,74000,rue Antoine Berthod,No match found,"(45.9109291, 6.095155)",
"Intersection de la route de
Frangy avec la rue Antoine
Berthod","Mouvement de tourne à droite pour les cycles circulant route de Frangy vers
la rue Antoine Berthod",Annecy,74000,rue Antoine Berthod,No match found,"(45.9109291, 6.095155)",
"Intersection de la route de
Frangy avec la rue Antoine
Berthod","Mouvement direct pour les cycles circulant route de Frangy dans le sens
Sud/Nord",Annecy,74000,rue Antoine Berthod,No match found,"(45.9109291, 6.095155)",
"Intersection de la route de
Frangy avec l'avenue du Pont
de Tasset","Mouvement de tourne à droite pour les cycles circulant avenue du Pont de
Tasset vers la route de Frangy",Annecy,74000,avenue du Pont,No match found,"(45.9138736, 6.1007957)",
"Intersection de la route de
Frangy avec l'avenue du Pont
de Tasset","Mouvement de tourne à droite pour les cycles circulant route de Frangy vers
l'avenue du Pont de Tasset",Annecy,74000,avenue du Pont,No match found,"(45.9138736, 6.1007957)",
"Intersection de la route de
Frangy avec l'avenue du Pont
de Tasset","Mouvement direct pour les cycles circulant route de Frangy dans le sens
Ouest/Est",Annecy,74000,avenue du Pont,No match found,"(45.9138736, 6.1007957)",
"Intersection de la route de
Genève avec la rue des
Romains et la route des
Recouts","Mouvement de tourne à droite pour les cycles circulant route des Recouts
vers la route de Genève",Annecy,74000,rue des Romains,No match found,"(45.9470591, 6.1227317)",
"Intersection de la route de
Genève avec la rue des
Romains et la route des
Recouts","Mouvement de tourne à droite pour les cycles circulant rue des Romains
vers la route Genève",Annecy,74000,rue des Romains,No match found,"(45.9470591, 6.1227317)",
"Intersection de la route de
Genève avec la rue des
Romains et la route des
Recouts","Mouvement de tourne à droite pour les cycles circulant route de Genève
vers la route des Recouts",Annecy,74000,rue des Romains,No match found,"(45.9470591, 6.1227317)",
"Intersection de la route de
Genève avec la rue des
Romains et la route des
Recouts","Mouvement de tourne à droite pour les cycles circulant route de Genève
vers la rue des Romains",Annecy,74000,rue des Romains,No match found,"(45.9470591, 6.1227317)",
"Intersection de la route de
Genève avec la rue de la gare
et la route de la Ravoire","Mouvement de tourne à droite pour les cycles circulant route de la Ravoire
vers la route de Genève",Annecy,74000,rue de la,No match found,,
"Intersection de la route de
Genève avec la rue de la gare
et la route de la Ravoire","Mouvement de tourne à droite pour les cycles circulant route de Genève
vers la rue de la Gare",Annecy,74000,rue de la,No match found,,
"Intersection de la route de
Genève avec la rue de la gare
et la route de la Ravoire","Mouvement de tourne à droite pour les cycles circulant rue de la Gare vers la
route de Genève",Annecy,74000,rue de la,No match found,,
"Intersection de la route de
Genève avec la rue de la gare
et la route de la Ravoire","Mouvement de tourne à droite pour les cycles circulant route de Genève
vers la route de la Ravoire",Annecy,74000,rue de la,No match found,,
"Intersection de l'avenue d'Aix-
les-Bains avec la route des
Creuses","Mouvement de tourne à droite pour les cycles circulant avenue d'Aix-les-
Bains vers la route des Creuses",Annecy,74000,avenue d'Aix- les-Bains,No match found,,
"Intersection de l'avenue d'Aix-
les-Bains avec l'avenue des
Neigeos et la rue de Malaz","Mouvement de tourne à droite pour les cycles circulant avenue d'Aix-les-
Bains vers la rue de Malaz",Annecy,74000,avenue d'Aix- les-Bains,avenue des Neigeos,,"(45.8826016, 6.0961383)"
"Intersection de l'avenue d'Aix-
les-Bains avec l'avenue des
Neigeos et la rue de Malaz","Mouvement de tourne à droite pour les cycles circulant rue de Malaz vers
l'avenue d'Aix-les-Bains",Annecy,74000,avenue d'Aix- les-Bains,avenue des Neigeos,,"(45.8826016, 6.0961383)"
"Intersection de l'avenue d'Aix-
les-Bains avec l'avenue des
Neigeos et la rue de Malaz","Mouvement de tourne à droite pour les cycles circulant avenue d'Aix-les-
Bains vers l'avenue des Neigeos",Annecy,74000,avenue d'Aix- les-Bains,avenue des Neigeos,,"(45.8826016, 6.0961383)"
"Intersection de l'avenue d'Aix-
les-Bains avec l'avenue des
Neigeos et la rue de Malaz","Mouvement de tourne à droite pour les cycles circulant avenue des Neigeos
vers l'avenue d'Aix-les-Bains",Annecy,74000,avenue d'Aix- les-Bains,avenue des Neigeos,,"(45.8826016, 6.0961383)"